Saved Date,Job Url,Job Title,Company Name
"12/2/24, 6:23 PM",http://www.linkedin.com/jobs/view/3967801858,Data Analytics & AI - AI Platform Architect - Manager,EY
"9/19/24, 2:38 AM",http://www.linkedin.com/jobs/view/4018315369,Python Developer,TechHeads
"8/4/20, 3:31 PM",http://www.linkedin.com/jobs/view/1975108574,Graduate Trainee,Acies
"10/30/24, 7:19 AM",http://www.linkedin.com/jobs/view/4056557784,Django Developer,Propylon
"4/2/24, 1:51 PM",http://www.linkedin.com/jobs/view/3788901594,Data Engineer,DataAnnotation
"11/23/24, 4:50 AM",http://www.linkedin.com/jobs/view/4058299609,Senior RPA Developer - Digital Programme - Hybrid,IT Search
