Organization,Followed On
Numerical Analysis,Tue Sep 10 19:16:32 UTC 2024
Information Technology,Tue Sep 10 19:16:22 UTC 2024
Swiggy,Tue Sep 10 19:15:10 UTC 2024
Generative AI,Tue Sep 10 19:15:09 UTC 2024
Blinkit,Tue Sep 10 19:15:08 UTC 2024
LTIMindtree,Tue Sep 10 19:15:07 UTC 2024
TED Conferences,Tue Sep 10 19:15:06 UTC 2024
Deloitte,Tue Sep 10 19:15:05 UTC 2024
Tech Mahindra,Tue Sep 10 19:15:04 UTC 2024
Anthropic,Tue Sep 10 19:15:03 UTC 2024
HCLTech,Tue Sep 10 19:15:02 UTC 2024
Slack,Tue Sep 10 19:15:02 UTC 2024
Data Modeling,Tue Jun 18 00:23:53 UTC 2024
Data Architecture,Tue Jun 18 00:23:45 UTC 2024
Oral Communication,Tue Jun 18 00:23:37 UTC 2024
Search 5.0,Tue Jun 11 17:31:02 UTC 2024
nineDots.io,Fri Jun 07 22:21:44 UTC 2024
Analytical Skills,Fri Jun 07 22:14:14 UTC 2024
Coaching & Mentoring,Fri Jun 07 22:13:07 UTC 2024
Technical Architecture,Fri Jun 07 17:21:04 UTC 2024
Remobi,Mon May 20 23:58:07 UTC 2024
Explore Group,Mon May 20 23:54:35 UTC 2024
Signify Technology,Mon May 20 23:50:15 UTC 2024
Storm2,Mon May 20 23:46:52 UTC 2024
Stelfox Tech Recruitment,Mon May 20 23:46:43 UTC 2024
TensorFlow,Mon May 13 22:26:25 UTC 2024
Department of Justice,Mon May 13 22:26:25 UTC 2024
Grant Thornton Ireland,Mon May 13 22:26:24 UTC 2024
Irish Rugby Football Union (IRFU),Mon May 13 22:26:21 UTC 2024
Office of Public Works,Mon May 13 22:26:21 UTC 2024
Iarnród Éireann Irish Rail,Mon May 13 22:26:19 UTC 2024
Y Combinator,Mon May 13 22:26:19 UTC 2024
"Department of Foreign Affairs and Trade, Ireland",Mon May 13 22:26:18 UTC 2024
Tourism Ireland,Mon May 13 22:26:18 UTC 2024
Perplexity,Mon May 13 22:26:16 UTC 2024
LlamaIndex,Mon May 13 22:26:16 UTC 2024
Workday,Mon May 13 22:26:15 UTC 2024
KPMG Ireland,Mon May 13 22:26:15 UTC 2024
AI at Meta,Mon May 13 22:26:13 UTC 2024
AWS Training & Certification,Mon May 13 22:26:13 UTC 2024
Hugging Face,Mon May 13 22:26:12 UTC 2024
freeCodeCamp,Mon May 13 22:26:11 UTC 2024
Version 1,Mon May 13 22:26:10 UTC 2024
Revolut,Mon May 13 22:26:09 UTC 2024
The Irish Times,Mon May 13 22:26:08 UTC 2024
PwC Ireland,Mon May 13 22:26:08 UTC 2024
Dogpatch Labs,Mon May 13 22:26:07 UTC 2024
Google Research,Mon May 13 22:26:07 UTC 2024
DeepLearning.AI,Mon May 13 22:26:05 UTC 2024
LangChain,Mon May 13 22:26:05 UTC 2024
Aer Lingus,Mon May 13 22:26:03 UTC 2024
Microsoft Azure,Mon May 13 22:26:03 UTC 2024
An Garda Síochána,Mon May 13 22:26:02 UTC 2024
HackerRank,Mon May 13 22:26:01 UTC 2024
Meta,Mon May 13 22:25:59 UTC 2024
OpenAI,Mon May 13 22:25:59 UTC 2024
Cognizant,Mon May 13 22:25:58 UTC 2024
GitHub,Mon May 13 22:25:57 UTC 2024
Fresher Jobs,Mon May 13 22:25:56 UTC 2024
Irish Independent,Mon May 13 22:25:55 UTC 2024
EY,Mon May 13 22:25:50 UTC 2024
Carelon Global Solutions Ireland,Mon May 13 22:25:49 UTC 2024
Stripe,Mon May 13 22:25:49 UTC 2024
NVIDIA,Mon May 13 22:25:48 UTC 2024
Fresher Jobs,Mon May 13 22:25:47 UTC 2024
JPMorganChase,Mon May 13 22:25:45 UTC 2024
GeeksforGeeks,Mon May 13 22:25:44 UTC 2024
Google Cloud,Mon May 13 22:25:43 UTC 2024
Salesforce,Mon May 13 22:25:42 UTC 2024
Amazon Web Services (AWS),Mon May 13 22:25:41 UTC 2024
Dublin Airport,Mon May 13 22:25:40 UTC 2024
Microsoft,Mon May 13 22:25:39 UTC 2024
Accenture,Mon May 13 22:25:35 UTC 2024
Genpact,Mon May 13 22:25:38 UTC 2024
IBM,Mon May 13 22:25:31 UTC 2024
Google,Mon May 13 22:25:31 UTC 2024
Presentation Skills,Sun May 12 23:46:53 UTC 2024
Data Structures,Sun May 12 23:43:10 UTC 2024
Code Review,Sun May 12 23:42:59 UTC 2024
IT Search,Sun May 12 23:37:55 UTC 2024
Algorithms,Sun May 12 23:19:45 UTC 2024
SOTI,Mon May 06 23:36:41 UTC 2024
Computer Science,Fri Feb 23 01:52:19 UTC 2024
Problem Solving,Fri Feb 23 01:51:44 UTC 2024
Debugging,Fri Feb 23 01:51:34 UTC 2024
University of Mumbai,Fri Feb 23 00:43:03 UTC 2024
Recruiters.ie,Tue Feb 20 00:22:28 UTC 2024
Application Programming Interfaces,Tue Feb 20 00:19:14 UTC 2024
Alpha Consultants,Tue Feb 20 00:07:04 UTC 2024
Object-Relational Mapping (ORM),Mon Feb 19 06:00:01 UTC 2024
DBMS,Mon Feb 19 05:59:35 UTC 2024
Dublin Business School,Fri Feb 09 01:26:58 UTC 2024
Job Portal by GeeksforGeeks,Wed Feb 07 02:26:27 UTC 2024
Google for Developers,Wed Feb 07 02:26:24 UTC 2024
Wipro,Tue Sep 29 21:44:51 UTC 2020
Flipkart,Tue Sep 29 21:44:44 UTC 2020
Aditya Birla Group,Tue Sep 29 21:44:43 UTC 2020
ITC Limited,Tue Sep 29 21:44:42 UTC 2020
Larsen & Toubro,Tue Sep 29 21:44:40 UTC 2020