Date/Time,Media Description,Media Link
"You uploaded a document on September 4, 2024 at 11:16 PM (GMT)", -,https://media.licdn.com/dms/document/media/v2/D4D2DAQHzgXKJPgadXA/profile-treasury-document-pdf-analyzed/profile-treasury-document-pdf-analyzed/0/1725491788174?e=2147483647&v=beta&t=vyVBhnHaR5nxY_mWK-U9YIdKOUKz4ZsF9h4D9ZWiEwc
"You uploaded a photo on September 4, 2024 at 11:10 PM (GMT)", -,https://media.licdn.com/dms/image/v2/D4D2DAQGFSUUWZNqMdQ/profile-treasury-image-shrink_8192_8192/profile-treasury-image-shrink_8192_8192/0/1725491414538?e=2147483647&v=beta&t=JZg_ZmUV3fTBt-1wwVa3sa78d2-AcCMo4aYLBWit2w8
"You uploaded a photo on September 1, 2024 at 10:17 AM (GMT)", -,https://media.licdn.com/dms/image/v2/D4D2CAQGrQ_73Z850Xw/comment-image-shrink_8192_1280/comment-image-shrink_8192_1280/0/1725185872970?e=1748710800&v=beta&t=vSiU8nlWMeEoh6uUW3TeGvppNotT1Hmx3yX0-c7AQaY
"You uploaded a profile photo on May 4, 2024 at 12:37 AM (GMT)", -,https://media.licdn.com/dms/image/v2/D4D03AQF7PsnQhQLHkQ/profile-displayphoto-shrink_100_100/profile-displayphoto-shrink_100_100/0/1714783059813?e=2147483647&v=beta&t=RBfmHnPcsyNUcBpZ7t-WXxEpRC7dcRLEgjlvsxnxzdI
"You uploaded a profile background photo on May 4, 2024 at 12:36 AM (GMT)", -,https://media.licdn.com/dms/image/v2/D4D16AQFz6voBy0epkg/profile-displaybackgroundimage-shrink_200_800/profile-displaybackgroundimage-shrink_200_800/0/1714783005599?e=2147483647&v=beta&t=Wl4ScdCel2KTy7uRu5D8qgbgXDhSInubZvpYFNCJONM
"You uploaded a profile background photo on May 4, 2024 at 12:35 AM (GMT)", -,https://media.licdn.com/dms/image/v2/D4D04AQHycvY-9teqYQ/profile-originalbackgroundimage-shrink_396_1584/profile-originalbackgroundimage-shrink_396_1584/0/1714782950887?e=1753315200&v=beta&t=R5RG5g7kQ9N816s6Y-6YDUc1YqvPv8eU5LGa0ypspOo
"You uploaded a profile photo on May 4, 2024 at 12:25 AM (GMT)", -,https://media.licdn.com/dms/image/v2/D4D04AQHTVUzIwGi1_A/profile-originalphoto-shrink_900_1200/profile-originalphoto-shrink_900_1200/0/1714782318065?e=1753315200&v=beta&t=zmjddBp1zFaQwKcXWc4K3aSvQNJoodaXybL1dHwI0ZE
"You uploaded a photo on April 8, 2024 at 12:38 AM (GMT)", -,https://media.licdn.com/dms/image/v2/D4D2DAQEvRuRaYtuV9A/profile-treasury-image-shrink_8192_8192/profile-treasury-image-shrink_8192_8192/0/1712536737297?e=2147483647&v=beta&t=IbtL58Y18UM1XvdcMtCNcwxttwlV0-U6N_QaO_zMe2Q
"You uploaded a photo on April 8, 2024 at 12:36 AM (GMT)", -,https://media.licdn.com/dms/image/v2/D4D2DAQFzGgQ-rJpjMg/profile-treasury-image-shrink_8192_8192/profile-treasury-image-shrink_8192_8192/0/1712536575271?e=2147483647&v=beta&t=JEZQIzize5hoYDf9PjHFiHWwfnDl1fLLdmAAl7ae2fo
"You uploaded a photo on February 23, 2024 at 1:20 AM (GMT)", -,https://media.licdn.com/dms/image/v2/D4D2DAQEXcXQvwbSWPA/profile-treasury-image-shrink_8192_8192/profile-treasury-image-shrink_8192_8192/0/1708651256667?e=2147483647&v=beta&t=PAkUlk9Cq1sfQut0Vx2FO_n2TrBh41H8dp1_tGJ2Inc
